Id,Url,Description,DateAdded,isMain,UserId,PublicId
1,https://randomuser.me/api/portraits/women/47.jpg,Ut dolore minim ipsum minim exercitation anim aliqua esse.,0001-01-01 00:00:00,1,1,
2,https://randomuser.me/api/portraits/women/33.jpg,Culpa sint consectetur in deserunt occaecat nostrud in commodo ad deserunt in minim.,0001-01-01 00:00:00,0,2,
3,https://randomuser.me/api/portraits/women/65.jpg,Esse aliquip enim nisi culpa sunt.,0001-01-01 00:00:00,1,3,
4,https://randomuser.me/api/portraits/women/38.jpg,Adipisicing consequat consequat sit aute officia commodo officia esse dolore dolore anim consequat nisi excepteur.,0001-01-01 00:00:00,1,4,
5,https://randomuser.me/api/portraits/women/6.jpg,Proident reprehenderit est enim proident ad exercitation irure eu laboris exercitation aute voluptate dolore adipisicing.,0001-01-01 00:00:00,1,5,
6,https://randomuser.me/api/portraits/men/44.jpg,Culpa commodo proident do dolor cillum pariatur eiusmod cillum reprehenderit do Lorem nulla do.,0001-01-01 00:00:00,1,6,
7,https://randomuser.me/api/portraits/men/72.jpg,Magna ea dolore eu incididunt eu commodo culpa sunt magna in magna est.,0001-01-01 00:00:00,0,7,
8,https://randomuser.me/api/portraits/men/23.jpg,Duis esse irure nulla ullamco est id consequat Lorem.,0001-01-01 00:00:00,1,8,
9,https://randomuser.me/api/portraits/men/36.jpg,Sint aliqua ut culpa ipsum deserunt elit anim voluptate fugiat.,0001-01-01 00:00:00,1,9,
10,https://randomuser.me/api/portraits/men/52.jpg,Laboris magna mollit consequat deserunt consectetur culpa commodo anim est ea sunt.,0001-01-01 00:00:00,1,10,
11,http://res.cloudinary.com/ruedatech/image/upload/v1600848892/aaqkkfqrwucq1gdxexkb.jpg,,2020-09-23 03:14:36.3380874,0,3,aaqkkfqrwucq1gdxexkb
12,http://res.cloudinary.com/ruedatech/image/upload/v1600898470/xuzkfv5ksvd6kunuu7cd.jpg,,2020-09-23 17:00:41.7832543,0,3,xuzkfv5ksvd6kunuu7cd
15,http://res.cloudinary.com/ruedatech/image/upload/v1600931768/vmhgickdgz4nufyapa5q.jpg,,2020-09-24 02:16:06.4499127,1,7,vmhgickdgz4nufyapa5q
21,http://res.cloudinary.com/ruedatech/image/upload/v1601037015/wqq285a3qn4obnlonzl7.jpg,,2020-09-25 07:30:14.3737155,1,14,wqq285a3qn4obnlonzl7
22,http://res.cloudinary.com/ruedatech/image/upload/v1601037034/md8w7oq18n9j4fja0esa.jpg,,2020-09-25 07:30:33.0789812,0,14,md8w7oq18n9j4fja0esa
23,http://res.cloudinary.com/ruedatech/image/upload/v1601064450/xvtanwtyzqcixjlbos1j.jpg,,2020-09-25 15:07:28.1480583,1,15,xvtanwtyzqcixjlbos1j
24,http://res.cloudinary.com/ruedatech/image/upload/v1601148033/if2vjhs8sqhvycddnlso.jpg,,2020-09-26 14:20:05.8006472,1,2,if2vjhs8sqhvycddnlso
